{
  "hour_of_day": {
    "mean": 15.285493827160494,
    "std": 4.830235284026553,
    "min": 6.0,
    "max": 22.0
  },
  "day_of_week": {
    "mean": 3.816550925925926,
    "std": 2.674168091533895,
    "min": 0.0,
    "max": 6.0
  },
  "cpu_pressure": {
    "mean": 0.0,
    "std": 0.0,
    "min": 0.0,
    "max": 0.0
  },
  "ram_pressure": {
    "mean": 0.25080971176556627,
    "std": 0.227695893075156,
    "min": 0.00021853162771826026,
    "max": 1.0
  },
  "rolling_5min_freq": {
    "mean": 8.493248456790123,
    "std": 15.179864221155475,
    "min": 0.0,
    "max": 118.0
  },
  "co_occurrence_score": {
    "mean": 1.2530864197530864,
    "std": 0.6847122841565284,
    "min": 0.0,
    "max": 3.0
  },
  "inter_arrival_gap": {
    "mean": 2528.4008545893485,
    "std": 10846.488661940308,
    "min": 0.0,
    "max": 171389.28893232346
  },
  "pid": {
    "mean": 12770.199845679012,
    "std": 6150.840171265717,
    "min": 164.0,
    "max": 23548.0
  },
  "timestamp": {
    "mean": 1772992386.352322,
    "std": 60537.071290513566,
    "min": 1772910542.5876966,
    "max": 1773085494.355308
  }
}